Time,Amplitude
-6.889584404482405944e+00
-3.499210353873536405e+00
-5.242140019267651496e-01
2.036594120580048184e+00
4.184403482868958690e+00
5.920403554162078308e+00
7.245783803681490554e+00
8.161733700649307366e+00
8.669442714287612262e+00
8.770100313818517179e+00
8.464895968461121356e+00
7.871914991972033704e+00
7.005683376247219485e+00
5.553167122260475708e+00
3.039557487393039992e+00
-3.307790895250946051e-01
-4.349646797850510893e+00
-8.048577880840724674e+00
-1.183414565568631360e+01
-1.467414427823575807e+01
-1.638551194475755324e+01
-1.693540414888650503e+01
-1.755695223092052970e+01
-1.623215268614274009e+01
-1.422967909433057798e+01
-1.194807391500683025e+01
-9.164812448452124727e+00
-6.088809351121909685e+00
-3.851920226034025063e+00
-1.254980697756906238e+00
1.856062847674166960e+00
5.013032131543127434e+00
6.983474354194896705e+00
7.975156514130361529e+00
7.459968720475217197e+00
7.315184609478194488e+00
6.728976783584101895e+00
6.308755651719593516e+00
5.943000068545359227e+00
5.495021088791759212e+00
4.344404362159508537e+00
4.055058765696429646e+00
3.531481694144645189e+00
4.158069155871515932e+00
4.582339630745138948e+00
4.623371210249018759e+00
4.882949701780233909e+00
4.807110983402480997e+00
4.748225884720454815e+00
4.614206020687959153e+00
4.333048964767357347e+00
4.585366958725074937e+00
3.636953216611743755e+00
2.522639347174958857e+00
1.898401354921588791e+00
1.542545933209083842e+00
1.267494400291212742e+00
1.082339183768112889e+00
6.645928858939669226e-01
-3.097111302093082941e-01
-6.964259131736980635e-01
-4.402829192660533408e-01
-3.914365903287944093e-01
1.445411076447840060e-01
3.222922010435240736e-01
4.287192715934224907e-01
5.287884734580359236e-01
5.842403223976475601e-01
6.811945285365368363e-01
6.375660788143591162e-01
5.842249880352028413e-01
6.653413177579352578e-01
2.329355208432559721e-01
-1.129156513894145064e-01
5.621192220790760530e-01
1.047989398616977041e+00
1.954389940065226483e+00
1.904059557652004742e+00
1.784250373170806370e+00
1.530310136139434007e+00
1.570266085503675413e+00
1.383838719943611295e+00
1.764401384599864286e+00
1.671608485687073653e+00
1.677748527842823023e+00
2.224363985164558244e+00
1.868818661932209579e+00
1.078248857426899576e+00
-3.420983541119824167e-01
-1.567306535462563488e+00
-2.353204521598343035e+00
-3.264269882255149469e+00
-3.614624709294560034e+00
-3.390889619138960143e+00
-2.755021545286155060e+00
-2.192961888625944766e+00
-2.648896895350645764e+00
-3.435850710717886614e+00
-3.522090128865414727e+00
-3.380618508284072732e+00
-3.576133421003362400e+00
-3.720545305208929676e+00
-3.947746980390235194e+00
-4.383989304831743539e+00
-3.993621811398440968e+00
-4.010253203309844139e+00
-4.602509698281721739e+00
-5.141660719655021694e+00
-5.577836527190868310e+00
-4.598861309900144079e+00
-3.960490524197837203e+00
-3.827866528937164503e+00
-2.229045407987001681e+00
-4.459402103513525617e-01
6.920477360419283741e-01
1.706061069724398749e+00
1.867338885818867311e+00
2.042199210278539567e+00
3.180817000346479517e+00
3.635852145382045819e+00
3.768616721142507231e+00
3.779096705164846526e+00
3.742506583474920490e+00
3.750862085532020274e+00
4.322256423140714787e+00
3.840206771918587947e+00
4.242345510416924981e+00
4.401981627489362836e+00
4.668088763532097119e+00
4.663363882046468234e+00
3.815265501142107496e+00
3.130608795444771886e+00
3.623220428645822722e+00
3.013069081463441989e+00
2.179766021490564754e+00
1.442026487122689105e+00
5.767516335029085894e-01
-4.680177132593144051e-02
-3.904158561840631592e-02
-4.979199677059398255e-01
-6.773282066232297893e-01
-1.477859801049163480e+00
-1.821613439767361342e+00
-2.537334514744031821e+00
-2.026447948085575490e+00
-1.806387549409834037e+00
-1.102028358786668605e+00
-9.344653783029457372e-01
-4.942082873769493290e-01
-3.836572644182467684e-01
-1.314529548066332154e-01
5.870441393233249983e-02
7.802825733193685664e-03
-1.485024676550779077e-01
-4.433446852419535844e-01
-1.950179231438085026e-01
-1.406110098757267224e-01
-1.595231383349755561e-01
-4.503006500164019599e-01
-9.058545369150863280e-01
-1.502848028380270762e+00
-1.993553316816246479e+00
-2.083120468458048435e+00
-2.355373395918547885e+00
-2.192117255490671823e+00
-2.550977520829235345e+00
-3.091577351697452514e+00
-3.048830476022487801e+00
-2.916554049388707881e+00
-3.046967243706944828e+00
-3.630420648670536821e+00
-3.815068311661320877e+00
-4.255808060974402451e+00
-3.549659911234471110e+00
-2.951235394603514806e+00
-1.436424744239786833e+00
-5.922169923118190127e-01
6.923342471589251090e-01
1.042400214669214620e-01
7.736742905156006600e-01
1.897075186169644212e+00
3.304542311537034038e+00
5.032665375470685376e+00
6.344622028102833156e+00
7.056283454528966104e+00
7.319710967110950151e+00
7.716306962374176237e+00
8.120498406441868156e+00
7.464727650669402692e+00
6.414154955115321854e+00
4.987111103954134705e+00
4.572157884068758449e+00
3.450751124774257050e+00
2.934573032390261460e+00
1.896425949832149627e+00
7.465519389512849102e-01
-6.736256190868914473e-01
-1.726000213699279584e+00
-3.443819523987258435e+00
-2.967799413204829762e+00
-2.958227801811688096e+00
-2.204003654327465256e+00
-1.738369169794538038e+00
-1.542603307056424455e+00
-1.351082791358550139e+00
-6.649989041732169426e-01
-2.704817809163273523e-01
-5.735123584835264410e-01
-1.287473683999706964e+00
-2.070846603448103451e+00
-2.412132622509886914e+00
-2.873991320709450292e+00
-4.360645114753310736e+00
-5.126556107188520173e+00
-5.274430508860547206e+00
-4.951812879124616984e+00
-4.289989558378323409e+00
-3.978878351216536657e+00
-3.743863620237277701e+00
-3.628387867129987399e+00
-2.918043206786421706e+00
-1.908478835903309800e+00
-1.642202373792059689e+00
-7.516094440283040967e-01
-1.570692558900077529e-02
8.089405002962450908e-01
6.995850535881231735e-01
5.599997130408098656e-01
8.495919535835128045e-01
-7.702945969959955619e-01
-1.136681289199174216e+00
-1.344287373820776565e+00
-7.670339519563924569e-01
7.427205181301701487e-01
2.852742172110652064e+00
3.432870335670429540e+00
4.309634598350839951e+00
4.873631615210513246e+00
5.576720265177783631e+00
6.014160147160026781e+00
6.631841817759806190e+00
6.046834673517537340e+00
5.402935192662226882e+00
4.899720869474606388e+00
3.923513922873610227e+00
2.527955995822281920e+00
9.805916728727197551e-01
-6.701609911642094630e-01
-2.501968563617822383e+00
-4.973025479956163508e+00
-5.229499909296720261e+00
-5.468360559300407431e+00
-5.350995951311034560e+00
-5.525727096695021601e+00
-4.989977579956956788e+00
-5.556714117979566936e+00
-4.555319589675036696e+00
-3.632670540173336349e+00
-2.874754484323602810e+00
-2.285802788308785694e+00
-1.757085725643889873e+00
-1.787764761142511816e+00
-8.302489910487054203e-01
2.408577409592567165e-01
1.452806481874830524e+00
1.995766775718806230e+00
2.185288878201021134e+00
1.932666477937715399e+00
2.211580980784248140e+00
3.030570936557069217e+00
3.685254843490810117e+00
4.247482094783890716e+00
4.617004457290647679e+00
4.805264198523076402e+00
5.737842455661251506e+00
6.053944441288848566e+00
6.207010851419141773e+00
6.490721117341792024e+00
6.954421036074990070e+00
7.525453574969219517e+00
8.205024684397557166e+00
9.014368459493908858e+00
1.115329906152501849e+01
1.163999554852190954e+01
1.189093132553864507e+01
1.079376156458349101e+01
8.295341908675339937e+00
5.151207886586604445e+00
2.068704181081528759e+00
-1.583423281793471915e+00
-6.049924123595729952e+00
-1.044594825189997778e+01
-1.465096016492165631e+01
-1.817316862443368564e+01
-2.095017223696709152e+01
-2.270783220317682094e+01
-2.437320954200811229e+01
-2.418608666864926704e+01
-2.245692439945139540e+01
-1.965951018695622565e+01
-1.607285676674291608e+01
-1.166003848137521004e+01
-6.869190118841686399e+00
-2.911470416783174642e+00
8.213380130809468938e-01
3.401564174210193414e+00
4.558427655024615888e+00
5.697130095489967516e+00
6.063606958055572704e+00
6.157984487481854785e+00
6.039807949609240723e+00
5.787492446102305621e+00
4.845814179192103666e+00
4.538176812183593256e+00
4.277100986380389713e+00
4.650393764260115859e+00
4.780159275417219078e+00
5.319627063328994154e+00
6.142122229113795129e+00
6.543179947736689428e+00
6.839208786449290756e+00
7.004991010205827706e+00
6.905565503305524544e+00
6.694874365727258692e+00
5.450742847031307292e+00
4.434191024005713189e+00
3.897678100189466477e+00
3.555784328147439055e+00
2.852874788624774283e+00
2.062660777359468511e+00
1.221777451238210688e+00
2.340062726391920478e-01
-2.306185234008353291e-01
-3.718498504279637018e-01
-5.986541935293132610e-01
-3.600947611432445683e-01
-3.158340520755302805e-01
-6.890873239304653453e-01
-9.752289153618107775e-01
-1.338360952196154585e+00
-1.582254050780250054e+00
-1.763790135345374210e+00
-1.691353340581542852e+00
-1.566388319813398766e+00
-1.785883915731574234e+00
-1.616905107835520994e+00
-1.083869127392972587e+00
-3.379777629184275156e-01
-1.466792582437221881e-01
-4.542864686478367275e-01
-4.096613674162483676e-01
-3.434909808217412319e-01
-5.938450209145855752e-01
-6.274482873584474873e-01
-5.895604970446584048e-01
-7.944448932227032856e-02
8.261559659875956640e-01
1.375095635528879257e+00
1.979065375311790831e+00
2.518126943808653095e+00
2.996307974292903964e+00
3.317855423319201691e+00
3.485397974429872647e+00
3.617829160886401496e+00
3.655902661156176237e+00
4.128038929376714350e+00
4.352024434909878892e+00
4.550451872503487039e+00
3.288660918986010984e+00
1.694557789859800323e+00
1.067567414708889828e-01
-1.224639353234664441e+00
-3.083505160639049336e+00
-4.360339554621191382e+00
-6.200761439693962984e+00
-7.580859737171010693e+00
-8.259603336155720399e+00
-9.459367351676348790e+00
-9.943926270650678134e+00
-1.015648047303210433e+01
-1.004136932866720144e+01
-9.253217994692249704e+00
-7.784554190928247408e+00
-6.353273224740490832e+00
-4.705512958284003844e+00
-2.599539526900372266e+00
-1.307301992334288343e+00
-2.753687154914814528e-01
-2.822492425674170136e-01
3.450856767512391343e-01
9.282693829067056868e-01
1.839770529150825951e+00
1.801897800184605103e+00
1.653062578471860888e+00
9.998530606620477101e-01
4.987775971539178954e-01
6.688570511921341222e-01
9.672690845657996306e-01
2.004156450662549105e+00
3.459961065626970367e+00
4.461214608147884064e+00
6.072252234000842464e+00
6.521699966286320205e+00
6.735457815821405347e+00
7.253027206661329274e+00
7.650405547801824468e+00
7.041851572517231261e+00
5.751241639629824931e+00
5.023773291849437328e+00
4.935454861115346148e+00
4.471714691903457606e+00
4.463884284231937727e+00
3.227466694264194302e+00
1.326163379214136739e+00
-8.573513774611853933e-01
-1.597392270123094704e+00
-2.144554413476697619e+00
-2.238203795110649708e+00
-2.674643735411393664e+00
-2.451160547738453488e+00
-2.530428233173466879e+00
-2.055848446079124869e+00
-2.244400699287808720e+00
-1.810884592691508033e+00
-2.029436614637461389e+00
-1.748407172244384356e+00
-2.237018187692825677e+00
-2.022012796750288999e+00
-1.037350754025482047e+00
-3.539030787299850545e-01
1.747680464126801780e-01
5.418594321412797399e-01
-2.825381568686680112e-02
-4.709704586052225750e-01
-5.333614372136992188e-01
4.364065485623314089e-02
-3.710011589359680784e-01
-8.506810663650981041e-01
-1.365175578935293288e+00
-8.283264971835819779e-01
-7.744141468906207137e-01
-8.381485293532193737e-01
-1.206269415634864117e+00
-1.569940499717631610e+00
-1.402133497403184492e+00
-7.509488609096024447e-01
-7.375991676153432763e-01
-1.280898459743866624e-01
1.509166872004641391e-01
3.177226503050292195e-01
4.990244529103335935e-01
6.602847880573960992e-01
7.189395012067620883e-01
5.588962071715286584e-01
7.504450684757273393e-01
3.198184481349244379e-01
-1.586272443171310442e-02
-2.458992640620749626e-01
-3.846406562682886943e-01
-4.244407341962528335e-01
-9.824643516303410706e-01
-1.626488220402762863e+00
-1.582509754591853834e+00
-1.126845989928881409e+00
-1.776623691312408937e-01
-2.804194727183926261e-01
-1.537817596482398130e-01
-4.146253363100527167e-01
-1.367425216867275140e-01
3.744309043590590136e-01
4.627432981743311302e-01
5.917541236911176838e-01
3.323296992474809031e-01
7.307577064446775239e-01
1.288069017833720409e+00
1.261681159847114486e+00
1.715171385609465915e+00
1.354529474656686716e+00
1.514550074459606321e+00
9.644250702406509390e-01
9.016303126005595914e-01
9.697886213416779810e-01
1.395953107961133810e+00
1.263846752856011335e+00
8.872049952478562318e-01
-2.208391166535079719e-01
-2.032445794079649204e-01
-4.146422502729194548e-01
3.247744319624530362e-01
1.782297563171368893e-01
-3.294725041237427376e-01
-6.196390340194000146e-01
-6.590097619958612540e-01
-3.033187649634783156e-04
6.598818271353934506e-02
-3.866036422027718800e-02
-2.252105383472269295e-01
-3.774050042402734562e-01
8.213874851190894333e-02
-1.966212149647503793e-01
1.009278099062669298e-01
4.431968886140680297e-02
-1.290495713978430103e-01
-1.237789171270264887e-01
-3.478896155644406463e-01
-4.557656857223548741e-01
-5.464588072184710654e-01
-1.961209843912570250e-01
-2.904391804987653813e-01
-4.669002818391163601e-01
-1.799239157720933235e-01
-7.853558615286715394e-02
1.576393679978593809e-01
4.234263851868718120e-01
4.034374616889522258e-01
3.241066567538837262e-01
3.503044694421078020e-01
2.457926164085506571e-01
4.053205121130076805e-02
-2.878899036451230131e-01
-6.604652385712483920e-01
-9.735987773669592116e-01
-1.341296070449317313e+00
-1.148967647646117030e+00
-1.787874649107010327e+00
-2.849188141826175524e+00
-3.499986774889748631e+00
-3.861476503381169323e+00
-3.909759584766590024e+00
-3.398748986413949069e+00
-3.122303243392423155e+00
-2.983440091343339873e+00
-2.869333266434239249e+00
-2.062834611375564009e+00
-1.424288461424566776e+00
-7.995378630364768924e-01
-5.601082634598242294e-01
1.699529474799135187e-01
9.060010458971419212e-01
1.932811795036400326e+00
3.365590587949128576e+00
4.479551189469930250e+00
5.358087076626020462e+00
6.181184451880341157e+00
6.003276889255516835e+00
5.508235759294763056e+00
5.713567351725572507e+00
5.607341880357893160e+00
5.825132595036308203e+00
5.844320651355076279e+00
5.424881527811066917e+00
5.276509483150618962e+00
5.385874341953211797e+00
5.967379725604104124e+00
6.912778423660370208e+00
7.407914576120418815e+00
7.603699084603306346e+00
8.835782045464696921e+00
8.937083697747169708e+00
8.063324315413439081e+00
6.462880046896373187e+00
3.322190234779895945e+00
-5.100841623030873961e-01
-4.718093256952641923e+00
-9.270986865977619118e+00
-1.323761865212182443e+01
-1.580131280353074885e+01
-1.814096399908683566e+01
-2.006429003726924520e+01
-2.055647915797158021e+01
-2.073031495751149578e+01
-1.914837066986254399e+01
-1.679176021163141286e+01
-1.389441158055504388e+01
-9.848614394491022495e+00
-6.139229060761891787e+00
-2.075785501726159055e+00
1.409641859109655115e+00
3.376565533437627664e+00
4.152383184043969777e+00
4.762673973037550468e+00
4.787956290680369875e+00
4.164758866395942505e+00
3.093922618609212805e+00
3.020191837905741750e+00
3.856173907357657527e+00
4.517675715073806941e+00
4.589983213636656956e+00
4.532623131135892436e+00
4.445897063658748039e+00
4.682674138723001533e+00
4.729458793240439718e+00
4.934452455459791054e+00
5.062322568545994272e+00
5.497047739481047302e+00
5.174181409759398775e+00
5.325558852182808778e+00
4.267016045945723590e+00
4.031410047881649916e+00
3.602613179996296822e+00
3.660220531621803275e+00
3.176362805732026118e+00
2.278054700151187717e+00
1.678668582908358076e+00
2.372031047078394295e+00
2.128168297313720814e+00
1.401087758853094556e+00
7.796967001246741802e-01
7.842814739078107777e-02
-4.099730717159673077e-01
-5.335829133045706385e-01
-1.008683053796460172e+00
-8.668670897068011527e-01
-8.177400594695711789e-01
-5.085052100960467669e-01
-9.723037249510184665e-01
-8.745182000470776984e-01
-1.211566039001752415e+00
-8.957733949748387658e-01
-6.249526883376006481e-01
-2.845359573478276616e-01
-6.293649778895087366e-01
-7.489389534202359755e-01
-5.366003455213785855e-01
1.226778701478394851e-01
-2.217674089492334133e-01
1.843731788904960922e-01
9.854123162043038064e-02
4.576783395335439764e-01
2.293632511385510497e-01
5.976227246111420754e-01
4.739544785890075218e-01
6.206632170276122906e-01
6.489865337576077309e-01
6.368337890012014668e-01
1.673815000160061572e-01
7.665376372360128698e-01
9.018700849054539503e-01
1.068859683797455773e+00
1.528821765666464216e+00
9.828249893934355441e-01
-4.465133438919508535e-01
-1.030161368398694322e+00
-1.288886558848901132e+00
-2.064448413027150764e+00
-3.537303435221701875e+00
-4.811518152529004055e+00
-6.599013441495088728e+00
-7.781546829039484692e+00
-9.742338146420223666e+00
-1.160388623415823872e+01
-1.246442867766918994e+01
-1.171470292437990679e+01
-1.017128972765007688e+01
-7.566090570535465076e+00
-4.495422319417087920e+00
-1.441207562201554992e+00
9.088622129087866597e-01
3.277407303003059269e+00
5.367038275858391216e+00
5.993698693192783367e+00
6.897791095644663528e+00
8.205537517493553423e+00
9.244516496364582281e+00
8.791236066401296512e+00
7.864724699054022494e+00
6.170191655557857757e+00
4.489287409507852544e+00
3.243492654696098043e+00
1.954453783388004240e+00
1.049393198133941496e+00
1.727068420968407736e+00
1.809209983291935941e+00
2.233901167579176672e+00
2.406932883767211706e+00
2.687122281922455613e+00
3.271924884188649685e+00
4.408428912563636004e+00
4.680275404220139990e+00
4.197995571301703421e+00
3.172150583714909544e+00
2.399423238535575820e+00
1.755945042921439381e+00
6.674746370851778465e-01
-1.518797861221941048e+00
-3.143899176125415806e+00
-4.060358431303626503e+00
-4.162534754242557256e+00
-3.676924925331803706e+00
-4.045332314960177200e+00
-4.307674211781630902e+00
-4.714666091644488688e+00
-4.713844271402876984e+00
-4.329923768367478942e+00
-3.988508522329738071e+00
-2.988763572415422232e+00
-1.809187241893056353e+00
-1.058628126933257363e+00
-1.327090232907380596e+00
-1.681258696604913894e+00
-1.610222362045561795e+00
-3.110159205426782592e+00
-3.513022495519464883e+00
-3.886476490591178390e+00
-3.351151271922987007e+00
-1.712129903611725013e+00
-1.274626730542820496e-01
-2.856140207176167678e-01
2.707263063346374565e-01
1.275894635063849591e+00
3.203891816282094851e+00
4.737196719096601782e+00
6.610765474579750389e+00
7.246161456215133967e+00
7.197056256221543435e+00
6.664009870998086171e+00
6.558079245265474810e+00
5.847021531190932819e+00
4.949988850719563516e+00
3.654620052648738238e+00
2.195839621867918368e+00
-7.427783220282435650e-02
-4.132992228056195927e-01
-8.318053889078953489e-01
-1.146235165170907067e+00
-1.970088776664510988e+00
-2.762514469519715021e+00
-3.918635890078888906e+00
-3.233215997264778707e+00
-2.282310201558885865e+00
-1.550054322792647099e+00
-1.325571491966741178e+00
-1.412221866477381127e+00
-1.903917419571968139e+00
-1.889141924369710068e+00
-1.447294161929903566e+00
-1.690763936339578777e-01
-3.390604551542821810e-01
-2.971093713489949550e-01
-4.689981143722263823e-01
-2.038307439640050234e-01
-3.302589105582569573e-01
-2.695141387081037010e-01
-5.016735922599480091e-01
-6.545395500511972386e-01
-9.238098956800229189e-01
-6.776477902265014563e-01
-6.448972480447139333e-01
-1.016693008800132247e+00
-1.378225624818753658e+00
-2.297247578952436697e+00
-2.718200987730455154e+00
-2.494537663077835532e+00
-1.716706397593867450e+00
-1.006719350857224526e+00
-2.886742473349954707e-01
-7.450839959716404337e-02
-1.000364784277678609e-01
4.768807154318324137e-01
8.840210723359405165e-01
1.310333701532186979e+00
1.610171761276575353e+00
1.673957245925663528e+00
1.775934698427619196e+00
2.108561782192623468e+00
2.273225075051016120e+00
2.509426541263195531e+00
2.865609484378694560e+00
1.695982042155321778e+00
8.102845337591588759e-01
2.716824428330255614e-01
6.140904074281650082e-01
9.465681397388721052e-01
1.054021940295257309e+00
1.007413745670902472e+00
1.365025747609394102e+00
1.132929557754522421e+00
1.402005289669034482e+00
1.168627459018040327e+00
1.101413060497350216e+00
8.770569414523947671e-01
9.223234625400209552e-01
6.010578926982930170e-01
5.995255489285398198e-01
7.349829448307048096e-01
1.056047585180436954e+00
7.789077393715615472e-01
-2.207280798356805462e-01
-1.874463330052520860e+00
-2.834707388627265345e+00
-3.241186114064447565e+00
-3.724166033134281406e+00
-3.972821504362372025e+00
-4.111052687706973074e+00
-4.232019048785247151e+00
-4.097844054433124938e+00
-4.421148829734931951e+00
-4.563714786701694948e+00
-3.749806187571010696e+00
-2.642981318420339676e+00
-1.557274955373344483e+00
-6.910370367472467024e-01
1.970280352802831203e-01
1.090784474095471523e+00
2.402379712610013485e+00
2.893687962659413415e+00
2.635352270928905227e+00
2.296146846803679864e+00
2.176630805058294982e+00
1.884022318568611354e+00
1.713725244580444951e+00
1.433864135586418342e+00
7.585276534295246620e-01
-8.729667983305944290e-02
-1.673614984242703940e-01
-5.458493389487557579e-01
-3.764862170214939852e-01
9.239381280382019668e-01
3.082924256489235404e+00
4.779229188298359077e+00
6.313147908312885193e+00
7.480799149688181160e+00
8.447625504574119759e+00
8.382010921379560386e+00
7.717222181914365819e+00
7.100259604944881175e+00
6.031466996885995968e+00
3.886006491376292615e+00
2.021173179191180225e+00
-7.202518553913535015e-01
-3.977660166345629023e+00
-7.636058119432647118e+00
-1.101689096207664420e+01
-1.324709732247748661e+01
-1.381502903880399913e+01
-1.392260848223924086e+01
-1.287035293537635994e+01
-1.119497519696474797e+01
-8.756736170865764279e+00
-6.562194199802149797e+00
-3.710851830277078989e+00
-1.024172382546197468e+00
8.525270168032932361e-01
2.041088275683449638e+00
4.063143013558288885e+00
5.912531155084849388e+00
6.446252037500784127e+00
6.558043210692801495e+00
6.894317488090479173e+00
5.702942367240808608e+00
4.301593024704402524e+00
2.939751529545901576e+00
2.047724611502530934e+00
1.910948475082250297e+00
2.118127588461760524e+00
1.313352605037579224e+00
1.244309260392526539e-01
-1.177316646836743530e-01
-4.112652849190112647e-01
-1.128260252645418404e+00
-1.615401597006695056e+00
-1.959597827993377450e+00
-2.327974962632310962e+00
-1.733338958538865882e+00
-1.201339415738743810e+00
-1.205276168856386221e+00
-1.261486445093339626e+00
-8.951675346812635325e-01
-4.503001193371005684e-01
-2.326273373680010081e-01
2.230982713954574592e-01
5.808287842437493964e-01
7.520647320919238155e-01
1.769804098991016872e+00
1.768890129240645592e+00
1.568135132816735222e+00
1.759945584111306971e+00
2.380321142772061194e+00
2.007732820584209321e+00
1.232282018149447822e+00
1.266521558507463396e+00
1.775955118906978214e+00
2.555654972737301023e+00
3.835742856506271892e+00
3.863182113780737836e+00
4.011987969100886176e+00
4.171152584268213559e+00
5.272466736741677096e+00
5.297337469019709033e+00
4.730741317192780571e+00
4.401218414072758378e+00
3.558838087081909407e+00
2.272728721248682859e+00
1.007477079470476156e+00
-9.062798438635866205e-01
-1.954498523000069099e+00
-2.507928160703471576e+00
-3.303030036895307830e+00
-3.921714886629615648e+00
-4.761150516069875493e+00
-4.907472719390284510e+00
-5.384795596642931059e+00
-4.553140466017680410e+00
-4.418119491345748884e+00
-4.424363869069168231e+00
-3.957112587870938114e+00
-3.260983893714268333e+00
-2.184036071041504101e+00
-1.511240583614920752e+00
-5.359931479264616883e-01
4.444542765888570557e-01
3.942663123092131627e-01
-3.982585929429092175e-01
-1.745350565756410788e+00
-2.207449282921629674e+00
-2.475590689806807632e+00
-2.866122012293772059e+00
-3.649491019780839451e+00
-4.144943071873058216e+00
-4.877602131806924035e+00
-5.280112046822068805e+00
-5.445307044982826028e+00
-4.761040186660011386e+00
-4.534348120249632075e+00
-3.582581299131192054e+00
-2.739317220145665033e+00
-1.020721270346314213e+00
8.121702395842191891e-01
2.608196377242023800e+00
3.906132503071177098e+00
4.562524278723060434e+00
4.584713035201815501e+00
4.030493627112520016e+00
3.237713471232837037e+00
3.477805135340901188e+00
3.219541565965386098e+00
3.301911281935929310e+00
3.122490923874551072e+00
2.419019247011988227e+00
1.598170297463070710e+00
1.457855962956557505e+00
1.898430929163083647e+00
2.276864088425384125e+00
2.299953825342328173e+00
1.879561197804491712e+00
2.201424894269109700e+00
3.005678138390152299e+00
2.984968556858007105e+00
2.928950149839465666e+00
2.469810139844412333e+00
2.282492206010033442e+00
1.603970683850405976e+00
1.181372438142830106e+00
9.086983932450038992e-01
1.095634848720862919e+00
7.274378071624028053e-01
1.596128590907142097e-01
-1.095718872648063780e+00
-1.809143396839800744e+00
-1.979697685138546603e+00
-1.101588117531917987e+00
-1.053725031122212386e+00
-1.417444702665591194e+00
-1.869834094403074687e+00
-1.858065842489196484e+00
-8.260113142315219648e-01
-4.651100473931251145e-01
-4.088409940910082696e-01
-3.226508988114744625e-01
-2.895876571435564983e-01
8.537113672019813748e-03
-2.303153404358511125e-01
-2.127967887736303965e-01
-3.008982407009170856e-01
-4.979927084183088937e-01
-3.351770614764859602e-01
-6.154359584906785585e-01
-7.361687097464937324e-01
-1.095179023140502750e+00
-1.055587720791123729e+00
-1.593542970789002311e+00
-1.972917564900001253e+00
-1.759875989498738136e+00
-1.757701974039974857e+00
-1.486895748112374349e+00
-8.689228446394565708e-01
-7.988606184467812454e-01
-3.621432990925654849e-01
3.583599350766348834e-01
6.513576642446139431e-01
9.041025564890787791e-01
1.035513023933106069e+00
1.144750187494139482e+00
1.145937305816033813e+00
1.063709215979571354e+00
1.478515194440689129e+00
6.314493571343859912e-01
-3.452345456139482849e-01
-7.399267849544344244e-01
-9.898341741816238937e-01
-1.038484653463257246e+00
-4.807190633359539333e-01
-5.633117076575899773e-01
-1.151981370890183598e+00
-1.309250845703502364e+00
-7.941452033369387209e-01
-5.320536663278119249e-01
2.676091886266362962e-02
9.870126916641197568e-02
3.521698203707330777e-01
3.415694712054744286e-01
7.911751136678333296e-01
1.586506856041353331e+00
1.989524664194078696e+00
2.364773997205958267e+00
2.627445460104468111e+00
2.099186322755741685e+00
1.760606217590520828e+00
1.987450862195998980e+00
1.979387477785081728e+00
1.982004713680765917e+00
1.463413336621954386e+00
7.140597383462363723e-01
2.304645424161719802e-01
-1.840869370514042203e-02
-3.516893595296153308e-01
-1.115343223665149708e+00
-1.961026466020513226e+00
-2.214530337753188860e+00
-1.543720180265296449e+00
-1.722297645094954532e+00
-7.086730154352949285e-01
-6.234020658087047195e-01
-8.815930601846559966e-01
-7.676073018807301196e-01
-1.067247423979722498e+00
-1.186553363175192999e+00
-1.404890930531848880e+00
-1.124459978220130552e+00
-1.088667529018039204e+00
-1.222681131384177888e+00
-8.727346482582447607e-01
-6.796177593882362089e-01
-6.719539895445620914e-01
-5.623160972234018118e-01
-7.469990218627629019e-01
-2.761172749455909070e-01
4.944772430438888478e-01
1.853074630790018773e+00
2.339307165168207803e+00
2.356883206785312268e+00
2.643792216913027460e+00
2.041681446041963000e+00
2.516688956330426663e+00
2.332922350895159980e+00
1.148251584744940601e+00
9.497537276239143011e-01
8.998757766963194626e-01
7.089398863065810019e-01
2.155765801057611952e-01
8.666271213868981249e-02
-1.058317752585367089e-01
6.854559095992840412e-02
-5.487665147985580916e-01
-1.208505502650922381e+00
-2.133466133404482434e+00
-2.333431346754537117e+00
-2.964151837530323519e+00
-3.092249361151033327e+00
-3.856979138081300107e+00
-3.765995113652337523e+00
-3.616013268974000994e+00
-3.141332399821806121e+00
-2.672324441817806928e+00
-2.901578988817277605e+00
-2.765226193071413263e+00
-1.197340651359041885e+00
-5.316662659480186903e-01
1.090626712255016173e-03
8.761446806781805208e-01
1.829622910569582928e+00
2.718338268829512572e+00
3.384134102218297357e+00
2.848704215281600227e+00
2.307639123800015568e+00
1.590502179191190635e+00
1.481458543903045211e+00
1.073635139467910449e+00
1.613469385952953417e+00
2.100502147075104631e+00
2.559224785510650690e+00
2.393295744273672199e+00
2.853581418572957773e+00
3.488132869106522094e+00
4.680903559197162167e+00
6.262552762310349408e+00
8.230970199928691500e+00
9.251273283482476018e+00
1.101390989702559864e+01
1.140102649909721322e+01
1.119963615898265630e+01
9.834584261225302271e+00
8.034794703155085926e+00
4.801763109220559045e+00
5.054973809017440090e-01
-3.986795694432572645e+00
-7.989898186658194845e+00
-1.228521084849549538e+01
-1.531133376237357879e+01
-1.835543768309534585e+01
-2.064743135289634779e+01
-2.160527213395212698e+01
-2.123655938518226094e+01
-2.012877917015649132e+01
-1.847110250685454957e+01
-1.596539270662489685e+01
-1.385250168357373468e+01
-1.042466968052636389e+01
-6.127619912439399741e+00
-2.537468262529273488e+00
8.972076177237795491e-01
3.747578452917053937e+00
5.017209508909189708e+00
6.183427222195064132e+00
7.462596168865729851e+00
9.036445697428149515e+00
1.076400974943140909e+01
1.208300824515063709e+01
1.316766116296682299e+01
1.353560329756351166e+01
1.401578155337821840e+01
1.387994574180189034e+01
1.239098019312464771e+01
1.041258111788923202e+01
8.049761699060724141e+00
6.436830716396229946e+00
4.283792241932161460e+00
3.620799361662562887e+00
2.253746261405098039e+00
1.271549501243725899e+00
-4.937410259060470707e-04
-9.728552475446292647e-01
-2.204757429350905795e+00
-1.656584012284270102e+00
-1.469197850682917306e+00
-7.557932936155395964e-01
-6.002770117345050949e-01
-3.979707791154396546e-01
-2.847105071411419885e-01
5.751267381420177571e-01
8.792975757465342213e-01
3.885602745348251119e-01
-7.789743984958192868e-01
-1.912843935348405466e+00
-2.425880168485264221e+00
-3.000773312917885960e+00
-3.978934402114191471e+00
-4.557018245510761290e+00
-5.173437868862038158e+00
-4.832907379814400883e+00
-4.413182681118371420e+00
-3.871131386133839669e+00
-3.509659780758227043e+00
-2.758460904306559769e+00
-2.458332490384208313e+00
-1.955896482367563749e+00
-1.937285144571319506e+00
-6.613752171102191824e-01
4.215552071057970807e-01
2.243328278672606757e+00
2.344471615287716304e+00
2.890844328349572834e+00
3.006001365602514852e+00
2.085958839029473211e+00
2.362096715197282037e+00
2.921967081115695919e+00
3.380458171127145306e+00
3.171636169142743711e+00
3.230879668268642035e+00
3.009511513576569541e+00
3.659696376488426495e+00
4.301394049308925105e+00
3.872142410928034906e+00
2.858443717463330813e+00
1.595446924928580756e+00
7.283413550376565126e-01
6.608961564478477158e-02
-2.758179101707867176e-01
-1.370769021606605520e+00
-2.623931689225742048e+00
-4.678034090036248926e+00
-6.592170843366290001e+00
-8.636443861853962289e+00
-1.031061642366015008e+01
-9.826205755757570159e+00
-9.349701353885933486e+00
-9.304107912186481144e+00
-9.139473754597815969e+00
-7.442640114309881483e+00
-6.269097304418920658e+00
-3.802701056949928216e+00
-1.977257950581588375e+00
-9.980234804630470080e-01
2.147171010168165139e-01
1.975840712915299946e+00
2.997523739845632917e+00
4.179266397855400328e+00
4.835994976641728726e+00
5.148339111817278990e+00
4.511832567585230436e+00
3.892120277701110354e+00
2.934848432325964041e+00
2.872219054910260638e+00
3.079426683343598370e+00
3.432670707875928429e+00
3.381340572895425112e+00
3.236174761718501713e+00
2.996729760071104920e+00
3.086297286641666915e+00
2.930376922090289327e+00
2.582651188602255843e+00
2.139818905243657809e+00
1.067579983822781742e+00
4.589541215585768441e-01
4.698657915241426508e-01
4.324154099111297000e-01
5.672727985547680873e-01
8.746848433333127559e-01
5.717623093985650939e-01
-3.612548124019099305e-02
4.667057067607061072e-02
-3.121067722526049693e-02
1.885042691542082594e-01
6.851399870227794509e-01
3.739445710982920446e-01
3.302978686630240190e-01
5.367379996404224585e-01
5.459127706463107188e-01
5.500959460413241686e-01
7.814851381210701220e-01
-4.890325705908651344e-01
-1.698071249990192655e+00
-2.334701853027013385e+00
-1.702531524937626273e+00
-9.854048601574163513e-01
-7.486740348664682188e-01
-7.155030789905083566e-01
1.874674816751848994e-01
-1.728746262065783412e-02
2.861414093834184769e-01
1.304100187837775593e-02
2.490940862708157510e-02
-4.165461293148382538e-01
-1.896496996147050140e-01
-2.370274935249767623e-01
2.045559962897414152e-01
1.936593380368947237e-01
2.728970686248999300e-01
1.394211826214473149e-01
-1.860460613264081076e-02
-6.018056712546524523e-01
-7.409567800960985551e-01
-3.478081172738711757e-02
5.022640562358731131e-01
7.960996400933026962e-01
8.946299009603819741e-01
8.524638602339393856e-01
9.014071733159880750e-01
1.245597378550655776e-02
-3.647828181789520841e-01
-5.553843146767292183e-01
-3.430361762781615198e-01
-4.401207428804241317e-01
-3.473078226480481590e-01
-4.455775916778179635e-01
-6.427193249303400080e-01
-5.352047605485381609e-01
-5.069064668448106659e-01
-7.007678246283717272e-01
-5.727463655263704823e-01
-6.096914417723837687e-01
-9.344050522257418834e-01
-1.098086796241375396e+00
-1.236718032785091737e+00
-1.452886854308189868e+00
-1.861530559697200715e+00
-1.910052092133582846e+00
-2.339986763913003642e+00
-2.238730022387841245e+00
-1.592457366278893005e+00
-1.189873086613374653e+00
-1.083033851358010224e+00
-7.427827725661018121e-01
-7.088991833441582457e-02
8.561588382146965159e-01
1.543391655175838650e+00
1.573042596771983881e+00
1.736244365209614671e+00
1.694808805372815641e+00
2.066966549171866063e+00
2.579997614729251154e+00
2.632381652285033624e+00
2.566982635862075313e+00
2.368040249686970355e+00
1.966837577835519824e+00
1.533227393691902307e+00
1.305769506564956828e+00
8.497686734435490052e-01
6.846261949839345107e-01
-5.563678202784672067e-02
-5.064178183638432529e-01
-9.646643567683668152e-01
-6.938775013671545366e-01
-2.114261494457707613e-01
-2.475873579541598701e-01
-7.473259760527071194e-01
-9.161802251425399390e-01
-6.418534278183756214e-01
-4.962425261012981537e-01
2.424899995413909437e-01
9.760968698815020161e-01
7.545281112336965634e-01
7.482729588275844890e-01
7.335710606000986900e-01
5.980742128811868952e-01
7.480913117879595120e-01
9.469515681566349485e-01
4.781522003904399298e-01
-3.665405743558949325e-01
-4.759967597286163254e-01
-6.272670681468639486e-01
-1.224008996346015010e+00
-1.564282438793043184e+00
-1.824179023768095931e+00
-2.102288826408567957e+00
-1.957548428950786956e+00
-1.727873747255614489e+00
-1.722429840189704464e+00
-1.383744402861424305e+00
-1.177215645081730599e+00
-9.062246492789540753e-01
-7.160248976481966565e-01
-1.843815510911497313e-01
2.942163568565092646e-01
5.051493987271840069e-01
1.287344294544737977e+00
1.236404164648774895e+00
1.008293086247789461e+00
1.150158105986520241e+00
1.500749084004723954e+00
9.526746522116411597e-01
-5.382763571441273598e-02
-2.209759593050364401e-01
-1.135085064785812392e-02
9.146460037391079823e-02
7.144090878584847815e-01
4.040228518366575372e-01
-3.532580860828318237e-01
-1.135094725132944404e+00
-1.068138537424545120e+00
-1.469005328844133373e+00
-1.638060402558920714e+00
-2.219874875918065982e+00
-2.463683230382656575e+00
-2.573754407990406889e+00
-2.130991545325628067e+00
-2.120280897608409987e+00
-1.656746737153895310e+00
-1.913867537428131982e+00
-1.755893311938081069e+00
-1.801583159732302875e+00
-9.204425102241486911e-01
6.458281019338869555e-01
1.939120636170542866e+00
2.999637639623557561e+00
4.005081105106057748e+00
3.988035703792121467e+00
3.718516224634441869e+00
4.075674138750798647e+00
4.414086792774440937e+00
3.587444339739818133e+00
2.839253303516187543e+00
2.426400391454592409e+00
2.884317107055892393e+00
3.421028048870738303e+00
4.111244606378789967e+00
4.963679998361953949e+00
5.990708932621487293e+00
6.384172901529609589e+00
6.590502530934173819e+00
6.097078878910338062e+00
6.157026550110572316e+00
5.026445729798012962e+00
3.985573166612908835e+00
2.071567015626357033e+00
-1.744794918421064267e-01
-2.934046060536530831e+00
-5.728317274012368898e+00
-8.311047477761121627e+00
-1.106358586372329000e+01
-1.352249279684193084e+01
-1.462872191984854453e+01
-1.442076269532122978e+01
-1.335335572063630138e+01
-1.214470172374529966e+01
-1.047584297641594731e+01
-8.015023096979973616e+00
-5.493465117764316119e+00
-3.489513244907499256e+00
-2.094630584235005699e+00
-5.725956951371244941e-01
9.333647394138040454e-01
2.111690359967354880e+00
3.441452108151196398e+00
3.392895094431821690e+00
3.464947723105183286e+00
2.777909844373937176e+00
2.798986723978117652e+00
2.676017125253309814e+00
2.608177015415066080e+00
2.706489863715489719e+00
2.598530897586641686e+00
2.554335466512668518e+00
2.182701556157155665e+00
2.336152656839459496e+00
2.642466760451100072e+00
3.195631582764150380e+00
3.378731343873738524e+00
3.257932024357387490e+00
2.726842407056636830e+00
2.792827479662435053e+00
2.879152001743563005e+00
3.680331482692963618e+00
3.763370845246782892e+00
2.880645226740114140e+00
2.141384097355597760e+00
1.792757506924004929e+00
2.079345736175980619e+00
1.726061113035569861e+00
1.274916527944640166e+00
4.995333772747301282e-01
-1.715963580315644776e-01
-1.212926683685111584e-01
-2.557310612342575951e-01
2.453501658292793763e-01
1.703638555939619437e-01
9.593508635376224447e-02
1.654146124257067640e-01
1.537496159291436015e-01
3.882415791917424031e-01
1.394647334698959185e+00
1.613318896060064844e+00
2.378666556098437468e+00
1.763984657299403125e+00
1.293985344167907670e+00
1.278818295467317512e+00
1.940929000094172352e+00
2.285455390147149046e+00
2.546366607667920334e+00
1.979510190609545361e+00
9.107783406756766453e-01
-2.161754617791302735e-01
-1.474593863555753614e+00
-2.575022708141801786e+00
-3.605640588133496749e+00
-4.584964695884423236e+00
-5.084111970450976514e+00
-5.138311180219432117e+00
-5.669933327447722604e+00
-6.189507761845561618e+00
-5.848236249433767853e+00
-5.949647074946682324e+00
-5.164042436266470304e+00
-4.718794870963790800e+00
-3.273213670740830139e+00
-1.892703379253134699e+00
3.372599560799471874e-02
1.955272794737396680e+00
2.454482317717918249e+00
2.375057915171282730e+00
2.612295570003624334e+00
2.429302052945615742e+00
1.891735958010826835e+00
1.145825205331192365e+00
2.541136661627376725e-01
-4.634845316889482092e-01
-9.979754720268374513e-01
-1.461744225554411969e+00
-2.273549363763663678e+00
-2.760842220212651910e+00
-2.546582546725005614e+00
-2.126345590175134248e+00
-1.863083860297336969e+00
-1.326569016907001242e+00
-5.987199088971237870e-01
3.271184595199940759e-01
1.406559703768976988e+00
1.983141648765581522e+00
1.686211560514436769e+00
2.128913691812783782e+00
2.732414984737175701e+00
2.962736680031753167e+00
2.330297216194395560e+00
2.283639483734731357e+00
1.576156787096635981e+00
9.463080315012746269e-01
7.096477515066226260e-01
3.020208495868814680e-01
-1.341164110622230510e-01
-7.671667195092481961e-01
-8.831787269780875249e-01
-1.412613201072616675e+00
-1.642953199726861158e+00
-1.313141297574816235e+00
-1.176686912296730725e+00
-1.310083362357346459e+00
-1.273515815078440028e+00
-1.062546621815471326e+00
-5.957421426612086179e-02
1.277280397164901160e+00
2.999464798447263547e+00
3.804391933952757654e+00
3.762937550535355058e+00
3.858748132477245463e+00
3.187669384897532154e+00
3.576113350765609766e+00
3.184947879163644302e+00
1.733317645196052581e+00
1.188264358424277134e+00
7.697843298271607182e-01
4.755629064910635861e-01
-1.667052428580291235e-01
-2.749882676383208491e-01
-1.062824326251984530e+00
-1.539517015044822301e+00
-2.232696002649902312e+00
-1.733082791897857078e+00
-1.208188461943450420e+00
-3.716338481469563249e-01
-2.575639720862170634e-01
2.380744238324439266e-01
-1.390053526238830273e-01
5.631222932021273664e-02
2.215455781141315583e-01
9.196413100980294075e-01
1.171666097639615600e+00
4.719641388434183682e-01
3.361976331242999549e-02
8.069101200956652065e-01
6.006748664308361185e-01
9.073222377196543675e-02
-3.904774050637911387e-01
-9.612841677418373365e-01
-1.387826137668355386e+00
-1.507543505006026408e+00
-1.915366845126470707e+00
-2.012765803137853027e+00
-2.576121301410296383e+00
-2.614691872322936206e+00
-2.688432915462840356e+00
-1.960779447472390302e+00
-1.535315888030368114e+00
-8.639633881742554422e-01
-7.621382263994576078e-01
6.372866566687207524e-02
4.527474961547284238e-01
1.030841554017911221e+00
1.538876805209042686e+00
1.599181224289765169e+00
1.750326260895263886e+00
1.846478182574713856e+00
1.788780742337536367e+00
1.547463594339973270e+00
1.101409710598773017e+00
7.907246138323387186e-01
3.863794793664112603e-01
-3.021428277308189081e-01
-7.954157622127127070e-01
-8.892893712926479566e-01
-1.202424505997043980e+00
-1.686606373967521222e+00
-2.225297616302071901e+00
-2.874464893235568752e+00
-2.744934188805558506e+00
-2.492615095514707946e+00
-2.681866641900427339e+00
-3.191874817744121628e+00
-3.580391941914626841e+00
-4.946232262118968492e+00
-4.542715453370391288e+00
-4.023910567062017662e+00
-2.809639620134419147e+00
-1.761453094517577256e+00
-2.240959859034035162e-01
5.127123258287156204e-01
1.762885923536970267e+00
3.155941572216562463e+00
4.937330240428167372e+00
6.180742947373090601e+00
7.219337157332773813e+00
7.549799936180278337e+00
8.024611829244207684e+00
8.017088809171326602e+00
7.989954222409949125e+00
6.268213528405027546e+00
4.879754682401852506e+00
3.124522583375778595e+00
2.071144046810104555e+00
2.155708828388185339e-01
-5.617399041176440733e-02
-6.033984748845000468e-01
-1.152783898783297900e+00
-1.668892159171377898e+00
-1.866895681750037284e+00
-2.440761712908937398e+00
-1.760918553240003348e+00
-1.309879846565536354e+00
-5.420847556721355431e-01
-8.127910811160745652e-01
-4.533861305589539370e-01
-3.118932091146291441e-01
5.865725848697422862e-01
7.474867914010019376e-01
3.209422450445060804e-01
-5.795814282320748134e-01
-1.126066306983517507e+00
-1.413497424411616521e+00
-1.947838537985745688e+00
-3.496753797899117444e+00
-4.273755915627845070e+00
-4.465069562017532689e+00
-4.179899041579346886e+00
-3.503930843051506372e+00
-3.368889122379442824e+00
-3.253714807212901405e+00
-3.275605049912201139e+00
-2.846913971559615675e+00
-2.480442630819254646e+00
-2.399109318736464047e+00
-1.584244706896726029e+00
-9.923369786628768452e-01
-2.291676931004360540e-01
-6.825661630530817092e-01
-1.083327693195400343e+00
-1.230317556924063638e+00
-2.301086924740843642e+00
-2.417616365624894570e+00
-2.855628966106053213e+00
-2.451601812779102829e+00
-1.676975521549053383e+00
-8.635678426836648214e-01
-1.051702205063548945e+00
-5.335558753072859872e-01
-2.488161965679296372e-01
7.613162613072859131e-01
1.763337395462514223e+00
3.301255807365578221e+00
3.889677209072516462e+00
4.191674643425272961e+00
4.224198589301636275e+00
4.538239045297700613e+00
5.112666260554988185e+00
5.404758770804136248e+00
5.502367839266383953e+00
5.418293142896658310e+00
4.713103458779130506e+00
5.206217515381723615e+00
5.283469343223828218e+00
5.414760376837875810e+00
4.762997697748460268e+00
4.221074212090883293e+00
3.590392441860359440e+00
4.241977570388826280e+00
5.167094878257728396e+00
6.644011519580601544e+00
8.033179771313456285e+00
9.704417259937144991e+00
1.075145310214131200e+01
1.106089500875950193e+01
1.038929672217051348e+01
9.688855592864257460e+00
8.188402098297189013e+00
5.054749374006746621e+00
1.060232413961216480e+00
-3.685972256607414010e+00
-8.895829946555693368e+00
-1.375759334657823274e+01
-1.837353667661824375e+01
-2.220360725172866978e+01
-2.530680444462413448e+01
-2.668429133332247716e+01
-2.640588499883287454e+01
-2.522035160886875360e+01
-2.257224178574310258e+01
-1.948443289207494900e+01
-1.510655035327593509e+01
-9.869681021936287380e+00
-4.987081085149100090e+00
-1.218499290300343318e+00
2.158385153927468991e+00
5.064974112397266026e+00
6.942167705962788204e+00
7.717252747092629761e+00
7.809164969732279360e+00
6.821319638671354824e+00
6.328255609986001673e+00
5.437702474272100517e+00
5.302781613044373898e+00
5.649274735362780575e+00
5.998414873244172441e+00
6.642570299851456639e+00
7.156076476072939840e+00
6.048715275384552115e+00
4.876586883338092093e+00
4.299017180692175089e+00
4.851345597313780900e+00
5.155680868061836009e+00
5.253681892232293649e+00
5.121993230377142936e+00
5.208719364031082932e+00
4.581451169344546770e+00
4.012805589714361076e+00
3.010452916909343912e+00
2.265570579321632749e+00
1.299712262676820274e+00
1.210843857896207965e+00
8.147408523964259075e-01
1.110138203719372996e+00
7.373853264057856904e-01
4.498813734581972312e-01
-2.639780197661423244e-01
-7.988430198568607921e-01
-1.620368038450294534e+00
-1.928536735525000267e+00
-1.416063620962177083e+00
-9.557251274281952647e-01
-6.526543907627910812e-01
-1.835167701308080268e-01
9.293148347572355306e-02
3.360419449250002799e-01
-6.916805651314916759e-03
1.762678994580539893e-01
4.231412964589651438e-01
1.081809159217129945e+00
1.471534056462957096e+00
1.896861287705576160e+00
2.083216636279360046e+00
2.321191206588622435e+00
2.629296104737335327e+00
2.893036980528080448e+00
2.380126821664845238e+00
2.319593739502948893e+00
2.151824882724554300e+00
1.521156580246838530e+00
1.048884313301840621e+00
7.008239523406984972e-01
9.328448378521727591e-01
1.372851345580926363e+00
1.248183492502164427e+00
1.138228818009110910e+00
2.591183854121936747e-01
-6.428728572645638906e-01
-1.758149323544046183e+00
-2.646036380390228260e+00
-3.966169381602583144e+00
-5.590652675400718863e+00
-7.231386173584979815e+00
-8.610601537675165673e+00
-9.975694606760214356e+00
-1.109027665190257039e+01
-1.208179034728078705e+01
-1.208660096363237813e+01
-1.122835512760815391e+01
-1.005713015402625388e+01
-8.289121823896920205e+00
-5.939505516919865613e+00
-3.106871783490873895e+00
-6.987779380440031218e-01
1.084979669414934733e+00
2.811484114485011787e+00
3.489044322071407578e+00
3.896636184534685299e+00
4.811529491428473193e+00
4.931928041895957904e+00
4.923474263039253174e+00
4.823161960611230370e+00
4.387562581898293956e+00
3.694024094135642144e+00
3.545870451346047503e+00
3.712810966442873450e+00
4.162580617468165656e+00
4.965688982820438468e+00
5.831967964347143152e+00
5.941701453651035081e+00
6.001802447582974764e+00
5.848615512161018160e+00
5.443075154377993385e+00
5.431775323947448442e+00
5.653262833626172323e+00
5.073531859910758612e+00
3.821544765972532787e+00
2.666722247041462879e+00
1.428190765599907763e+00
-2.788500560850764032e-01
-1.671600529220683029e+00
-2.904358417889000066e+00
-4.094293410584526782e+00
-4.421544994998100719e+00
-4.585287009050404095e+00
-4.607318535515133817e+00
-4.643860214485641791e+00
-4.485163463506722792e+00
-4.090436778564821907e+00
-3.754256392432210987e+00
-3.070362353505032615e+00
-2.346334839398338090e+00
-1.544463609049927300e+00
-1.946231803430009677e-02
4.288500317140346851e-01
5.917195699915680507e-01
6.491908477891570328e-01
9.061119731119049447e-01
5.536211859365209875e-01
-1.791230382853257197e-01
-1.860848598666677844e-01
3.182481583210403642e-01
9.920393236834286199e-01
1.976204825747089444e+00
1.606099051029644897e+00
1.099520414991872030e+00
5.494777441495841686e-01
9.432700120975709979e-01
8.402034874896742167e-01
6.269627260356003262e-01
5.837517958903504223e-02
-2.501728488128662775e-01
-4.324487708528295116e-01
-3.101355051910275051e-01
-6.271102985332959179e-01
-2.489974819049223242e-01
-5.069348798075736795e-01
-2.505242630203099452e-01
-5.692026226776363274e-01
-7.112654482524760624e-01
-1.625959136208905420e-01
2.106677860219292597e-01
7.171519496908160818e-01
1.013819128298536043e+00
5.755660675389719927e-01
1.971250423865456014e-01
1.133098808257386736e-01
2.675909981772690571e-01
-3.132840092543744959e-01
-9.621448631451983147e-01
-1.404585250630105975e+00
-9.971920587911142775e-01
-6.069427431162921494e-01
-3.401002896194995628e-01
-3.077757115620727291e-01
-3.553443829992488645e-01
-9.356001246916889613e-02
4.685361318964282873e-01
4.714615155791932466e-01
5.457642022363984324e-01
6.187527455619203920e-01
6.171589604119844807e-01
6.598863746059748792e-01
7.985688084797288866e-01
7.613602146464870657e-01
4.668297072849156848e-01
5.289906617001065570e-01
2.531669931132682905e-01
-2.768953887304803629e-01
-6.013310273259548921e-01
-5.919341936462956255e-01
-4.517715375669411060e-01
-5.517570321117659660e-01
-9.169514453156182299e-01
-1.044243469400385038e+00
-9.511006059386204470e-01
-1.859192526524395817e-01
-1.668226401736205844e-01
-5.188688064865800698e-01
-1.089392108945787641e+00
-1.022389348983637092e+00
-7.508970957121334777e-01
-5.259836491628107069e-01
-5.428078595930401207e-01
-8.753617294633215806e-01
-4.627849173718914244e-01
4.226564418425198255e-01
5.990196476684275240e-01
8.097020324471770891e-01
4.455081466885246755e-01
4.632787530703978973e-01
4.607843072659534300e-01
1.034505237495835672e+00
1.538879111830880220e+00
2.211769495775655514e+00
2.626368739715900347e+00
2.866375455619163404e+00
2.303147882709765781e+00
1.912030832069547159e+00
1.683781100445571610e+00
2.075247978813592908e+00
1.618417471476107039e+00
7.799949717997094467e-01
1.534701411754610945e-01
-3.315174489215735321e-01
-4.548991158261515011e-01
-1.136169653718667405e+00
-2.097768335677841378e+00
-3.112604579981990582e+00
-3.999386265616777791e+00
-4.147229026704309263e+00
-4.272473615547852432e+00
-3.947018155966247832e+00
-3.876382457219250455e+00
-3.771891232556782825e+00
-3.242980660218961475e+00
-3.178448147208683849e+00
-2.954744306625144645e+00
-3.071468857676961761e+00
-2.408171457792860792e+00
-2.014196982218351195e+00
-1.865410054589801803e+00
-1.005135834994717925e+00
-2.515865738129718920e-01
2.285851096302451424e-01
8.360587302603335047e-01
1.355324924396825281e+00
1.995718992570886030e+00
3.043153867750987729e+00
3.833013934021209934e+00
4.480920193029305665e+00
5.016369506343835383e+00
5.079254316656886203e+00
5.151225067757678744e+00
5.543427341033975608e+00
5.955044694670476702e+00
5.263051094529146212e+00
4.667966721786285689e+00
4.746811097433862869e+00
5.816618502949580716e+00
6.917596474691521280e+00
8.437361309227213724e+00
1.011385213246848025e+01
1.119869774451117905e+01
1.260713426272022275e+01
1.345972905461434266e+01
1.227190464539702930e+01
1.062633681891821880e+01
7.818757993784089422e+00
3.755886529180742173e+00
-7.904111613382269752e-01
-5.821065064411726553e+00
-1.097892664126280238e+01
-1.542844926314620579e+01
-1.918814516773718992e+01
-2.265640076532909575e+01
-2.489990903008333589e+01
-2.582066889944135823e+01
-2.430636996371222835e+01
-2.144764768384075637e+01
-1.797240329862717090e+01
-1.391709652594096269e+01
-9.436333158687602918e+00
-4.806154123057694960e+00
-5.447110155130587827e-01
2.263550844111875904e+00
3.691480639175296119e+00
4.882710204736611104e+00
5.633053241112463638e+00
6.412250152553042426e+00
6.094751039527693592e+00
5.925943805238887307e+00
5.053118917666694188e+00
4.110509806582939518e+00
3.469863539262092900e+00
2.613592200492121265e+00
2.248350012597711611e+00
1.626699833420275354e+00
2.101573804665235912e+00
1.996178335430698780e+00
1.868649101068399432e+00
2.200128409281461472e+00
2.223660927840484192e+00
1.822247469715904344e+00
1.666926049084281658e+00
1.565356300238022413e+00
1.936413973609973027e+00
3.251463919904438171e+00
5.008276164599010372e+00
5.745591644428316158e+00
5.773039750136518933e+00
6.016776482641375878e+00
5.307473039064376508e+00
5.346400764352040369e+00
4.698556355505502324e+00
2.966212894127380650e+00
2.142714302831336681e+00
1.649310340791089402e+00
1.103771001938667951e+00
2.386255101566234771e-01
-2.524612287501213359e-01
-1.076295443412504937e+00
-1.749508529135908930e+00
-2.360721447775006254e+00
-2.276004707277621719e+00
-2.141484404982719525e+00
-1.470524835326557422e+00
-2.056573508508847681e-01
1.705543377897527080e-01
2.770066269391122660e-01
4.716851796512742112e-01
5.730862003848642416e-01
9.478869233429634278e-01
9.177374944592884276e-01
7.646246851864191285e-01
1.074172542835412969e+00
2.272938653983260338e+00
2.765974356420912272e+00
2.379247406170890144e+00
1.960661005705674143e+00
1.339673922175478538e+00
1.320916597910184009e+00
1.511035298490497780e+00
1.363878157645672218e+00
1.500064319589142769e+00
2.341337361463700972e+00
3.044668510353858437e+00
3.804119436641485663e+00
3.501772258211758526e+00
2.650094554333918495e+00
9.218108077656381738e-01
-3.651517422698589144e-01
-1.984552698622394473e+00
-4.173053907286686126e+00
-5.637299778641335024e+00
-7.607983244095549935e+00
-9.125854791788640341e+00
-1.092609617036458758e+01
-1.246566069321721670e+01
-1.336706436969055289e+01
-1.351420577218198105e+01
-1.258073934964124874e+01
-1.149820584746788654e+01
-9.686741656663173217e+00
-7.256624105282128312e+00
-4.472923563035550387e+00
-2.224660369208663724e+00
-2.460265876358675996e-01
4.148248856119778338e-01
1.011879354174539003e+00
1.537679063463855300e+00
2.452917924010080242e+00
2.388286424539387554e+00
2.024936450712203850e+00
1.298992557300351791e+00
8.350842373698981191e-01
2.475934139500566289e-01
3.586515229633278068e-01
1.218600839949601777e+00
2.421800980267363457e+00
3.541304186419210964e+00
4.984209735327624458e+00
5.011178038664297674e+00
5.979971298046280026e+00
6.965638904240989859e+00
8.308741908728137560e+00
9.226348348494525453e+00
9.670091276302315464e+00
9.501297544299944775e+00
9.482369053154656058e+00
9.156577495276451373e+00
8.785251725800208078e+00
7.391154713982473368e+00
5.549102826022902946e+00
3.571250452504074246e+00
2.413830979570434465e+00
6.272332010884724696e-01
9.501668596584522675e-03
-1.156070271201969035e+00
-1.685850921536342639e+00
-2.242055706727910547e+00
-2.386095591311942599e+00
-3.073600963697032284e+00
-2.273750288411349629e+00
-1.660851489760204913e+00
-9.044746276551620667e-01
-7.720403351759443922e-01
-6.854220130141754908e-01
-6.063558774371529125e-01
1.901634997859389387e-01
5.146087764535991482e-01
6.476209580165459556e-02
-9.405210034451840784e-01
-2.056007992912782356e+00
-2.678629668371513617e+00
-3.669267502140030501e+00
-5.439078095728433482e+00
-6.684795879374917149e+00
-7.164407873434640805e+00
-6.620425036001904573e+00
-5.933576221662292483e+00
-5.525273231982083644e+00
-5.086802326918842709e+00
-4.703328572347857062e+00
-3.824205915628397179e+00
-3.168792655329070840e+00
-2.839307346804247345e+00
-2.040635578891965451e+00
-1.226244364996603053e+00
-2.261649085368446777e-01
-5.093671170617426469e-01
-8.274102323179022278e-01
-6.537793104420188683e-01
-2.334248654038049153e+00
-2.663154012163232665e+00
-2.817539372988306923e+00
-2.149168525391985440e+00
-9.036879811548601538e-01
1.054138979417501787e+00
1.147185542291822458e+00
1.787550910595371079e+00
2.746323901959840441e+00
4.400906309480092204e+00
5.764228044204628532e+00
7.186278280246483519e+00
7.335583217513033105e+00
7.325193707101561813e+00
6.974625960950334047e+00
6.483850113636265178e+00
6.090133173562549018e+00
5.227657349583182622e+00
4.009177521539413647e+00
2.588689017960945193e+00
1.089320853920696663e-01
-1.341537306429074761e-01
-6.387497006786020393e-01
-9.791677829451828075e-01
-2.029314276594135436e+00
-3.426486422466354043e+00
-4.966747775392576614e+00
-4.245482598224725734e+00
-2.530093519491856568e+00
-1.333654569228286846e+00
-6.003518385572306215e-01
-9.598718373678138960e-02
2.135555790016496758e-02
7.667764012040834132e-02
7.005151978106027855e-02
1.549653736191203279e-03
-1.287555011602137256e-01
-3.207914880540840841e-01
-5.744858500913210264e-01
-8.897661304179962372e-01
-1.266559872179954027e+00
-1.704794618523266081e+00
